"log_0, 1 chns","log_0, 2 chns","log_0, 3 chns","log_0, 4 chns","log_1, 1 chns","log_1, 2 chns","log_1, 3 chns","log_1, 4 chns"
41.023862417,42.655361959,43.110677625,44.619413667,46.11913975,47.977601667,48.612196417,49.736750416
42.272856541,42.571282708,43.944682583,44.110965292,23.917037166,25.657362167,27.386514375,27.3470495
40.314595167,46.726935958,44.969100375,44.086822125,17.628457959,17.781655375,20.965038791,24.45629825
44.919606042,41.920868083,43.576483333,47.626793875,14.88494125,14.388436334,19.027889916,25.938662209
41.648903333,44.290022583,45.514129875,44.710443792,12.156413125,14.475557667,20.265005792,26.732482042
40.561737833,42.758597417,43.211566541,45.585818334,11.831061042,13.920997,20.325507834,26.8769525
40.29560775,44.927340875,44.271263666,45.99334625,10.559909417,13.600198208,21.530985625,29.384167834
44.245604125,45.768960584,43.830181417,43.681353167,9.8731715,14.294346,20.065339375,26.68724
42.021569833,43.8757395,43.8158525,44.660354792,8.179439792,14.74420675,20.307062459,28.330105958
